{
    "Extensions": [
        {
            "incognito_enabled": false,
            "remote_install": false,
            "disable_reasons": 0,
            "installed_by_custodian": false,
            "update_url": "https://clients2.google.com/service/update2/crx",
            "name": "Long Descriptions in Context Menu",
            "id": "ohbmencljkleiedahijfkagnmmhbilgp",
            "version": "1.0.2",
            "enabled": true
},
        {
            "incognito_enabled": false,
            "remote_install": false,
            "disable_reasons": 0,
            "installed_by_custodian": false,
            "update_url": "https://clients2.google.com/service/update2/crx",
            "name": "Chrome Web Store Launcher (by Google)",
            "id": "gecgipfabdickgidpmbicneamekgbaej",
            "version": "1.2.4",
            "enabled": true
},
        {
            "incognito_enabled": false,
            "remote_install": false,
            "disable_reasons": 0,
            "installed_by_custodian": false,
            "update_url": "https://clients2.google.com/service/update2/crx",
            "name": "Browser Protection",
            "id": "faijeaolbgjnecghnoolffjmfmpagmpk",
            "version": "1.1.11",
            "enabled": true
},
        {
            "incognito_enabled": false,
            "remote_install": false,
            "disable_reasons": 0,
            "installed_by_custodian": false,
            "update_url": "https://clients2.google.com/service/update2/crx",
            "name": "Google Analytics Debugger",
            "id": "jnkmfdileelhofjcijamephohjechhna",
            "version": "2.8",
            "enabled": true
},
        {
            "incognito_enabled": true,
            "remote_install": false,
            "disable_reasons": 3,
            "installed_by_custodian": false,
            "update_url": "https://clients2.google.com/service/update2/crx",
            "name": "Adblock Plus - free ad blocker",
            "id": "cfhdojbkjhnklbpkdaibdccddilifddb",
            "version": "3.6.3",
            "enabled": false
},
        {
            "incognito_enabled": false,
            "remote_install": false,
            "disable_reasons": 0,
            "installed_by_custodian": false,
            "update_url": "https://clients2.google.com/service/update2/crx",
            "name": "JetBrains Toolbox Extension",
            "id": "offnedcbhjldheanlbojaefbfbllddna",
            "version": "1.15.5757",
            "enabled": true
},
        {
            "incognito_enabled": false,
            "remote_install": false,
            "disable_reasons": 0,
            "installed_by_custodian": false,
            "update_url": "https://clients2.google.com/service/update2/crx",
            "name": "TheMediaConverter Promos",
            "id": "fbdhblpglfccioekaablamnekoejcmaj",
            "version": "231.14221.1035.36",
            "enabled": true
},
        {
            "incognito_enabled": false,
            "remote_install": false,
            "disable_reasons": 0,
            "installed_by_custodian": false,
            "update_url": "https://clients2.google.com/service/update2/crx",
            "name": "SearchLock for Chrome",
            "id": "kfdpgmeoacdoadgannnoajmnbodcfmbn",
            "version": "1.0.5",
            "enabled": true
}
    ],
    "Extension Settings": [
        {
            "extension_id": "kfdpgmeoacdoadgannnoajmnbodcfmbn",
            "value": "{\"cid\":\"wGFGAO9685511FSOHJR4Q7BE\",\"mkt\":\"US\",\"sl\":\"1\",\"source\":\"js_exo_sl_08\",\"subid_2\":\"free-sex-video.net\"}",
            "key": "pb_params"
},
        {
            "extension_id": "kfdpgmeoacdoadgannnoajmnbodcfmbn",
            "value": "{\"*://(images|www)\\\\.google\\\\.(*)/complete/search\\\\?*\":{\"is_autotype\":1},\"*://(images|www)\\\\.google\\\\.(*)/s\\\\?*gs_rn=*\":{\"is_autotype\":1},\"*://(www\\\\.|search\\\\.|content\\\\.|start\\\\.|us\\\\.|ca\\\\.|au\\\\.|uk\\\\.|fr\\\\.|de\\\\.)wow.com/sugg/*\":{\"is_autotype\":1},\"*://*\\\\.search\\\\.aol\\\\.com/autocomplete/get\\\\?*\":{\"is_autotype\":1},\"*://*\\\\.searchlock\\\\.com/shop*q=*rd=1*\":{\"is_autotype\":0,\"kw_param\":\"q\",\"tbm\":\"shop\",\"theme\":\"\"},\"*://*g00.msn.com/g00/*\":{\"is_autotype\":1},\"*://*ss\\\\.ask\\\\.com/query\\\\?*\":{\"is_autotype\":1},\"*://api\\\\.bing\\\\.com/qsonhs.aspx\\\\?*\":{\"is_autotype\":1},\"*://lss\\\\.sse-iacapps\\\\.com/lss/api\\\\?*\":{\"is_autotype\":1},\"*://results\\\\.searchlock\\\\.com/search/*q=*&rd=1\":{\"is_autotype\":0,\"kw_param\":\"q\",\"tbm\":\"\",\"theme\":\"sd\"},\"*://results\\\\.searchlock\\\\.com/search/\\\\?q=*&rd=1*\":{\"is_autotype\":0,\"kw_param\":\"q\",\"tbm\":\"\",\"theme\":\"sd\"},\"*://results\\\\.searchlock\\\\.com/search/\\\\?q=*&sr=def-search$\":{\"is_autotype\":0,\"kw_param\":\"q\",\"tbm\":\"\",\"theme\":\"sd\"},\"*://results\\\\.searchlock\\\\.com/search/\\\\?q=*&sr=def-search&tbm=isch$\":{\"is_autotype\":0,\"kw_param\":\"q\",\"tbm\":\"isch\",\"theme\":\"sd\"},\"*://results\\\\.searchlock\\\\.com/search/\\\\?q=*&sr=newtab$\":{\"is_autotype\":0,\"kw_param\":\"q\",\"tbm\":\"\",\"theme\":\"sn\"},\"*://results\\\\.searchlock\\\\.com/search/\\\\?q=*&sr=newtab-toolbar$\":{\"is_autotype\":0,\"kw_param\":\"q\",\"tbm\":\"\",\"theme\":\"snt\"},\"*://ss\\\\.ask\\\\.com/query\\\\?*\":{\"is_autotype\":1},\"*://ss\\\\.search\\\\.ask\\\\.com/ss\\\\?*\":{\"is_autotype\":1},\"*://ssmsp\\\\.ask\\\\.com/query\\\\?*\":{\"is_autotype\":1},\"*://www\\\\.bing\\\\.com/AS/Suggestions\\\\?*\":{\"is_autotype\":1},\"*:\\\\/\\\\/results\\\\.searchlock\\\\.com\\\\/search\\\\/*&rd=1*\":{\"is_autotype\":0,\"kw_param\":\"q\",\"tbm\":\"\",\"theme\":\"sd\"},\"https://www\\\\.google\\\\.(*)/*chrome-instant*\":{\"is_autotype\":1,\"kw_param\":\"q\",\"tbm\":\"\",\"theme\":\"\"}}",
            "key": "unsafe_engines"
},
        {
            "extension_id": "faijeaolbgjnecghnoolffjmfmpagmpk",
            "value": "\"GSG8neeM4v0rZ4vcXI4IrpJietLI\"",
            "key": "alias"
},
        {
            "extension_id": "faijeaolbgjnecghnoolffjmfmpagmpk",
            "value": "\"2019-08-25\"",
            "key": "dauProcessed"
},
        {
            "extension_id": "kfdpgmeoacdoadgannnoajmnbodcfmbn",
            "value": "{\"*://*\\\\.myway\\\\.com/\":{\"custom_js\":\"var ssDiv = document.getElementById(\\\"sgpane\\\"); if (ssDiv) { ssDiv.style.visibility = \\\"hidden\\\"; } var newContent = '\\u003Cform class=\\\"sbox_form\\\" action=\\\"http://int.search.myway.com/search/GGmain.jhtml\\\">\\u003Cdiv class=\\\"search-box\\\">\\u003Cdiv class=\\\"search-input-container\\\">\\u003Cdiv class=\\\"search-input\\\">\\u003Cinput type=\\\"search\\\" name=\\\"q\\\" autocomplete=\\\"off\\\" placeholder=\\\"\\\">\\u003C/div>\\u003Cdiv class=\\\"search-suggestions\\\">\\u003Cdiv class=\\\"menu\\\">\\u003C/div>\\u003C/div>\\u003C/div>\\u003Cbutton type=\\\"submit\\\" class=\\\"search-button\\\">\\u003Cspan class=\\\"search-button-label\\\">Search\\u003C/span>\\u003C/button>\\u003Cdiv class=\\\"product-logo right enhanced-by\\\" style=\\\"top: 0px;\\\">\\u003Cdiv class=\\\"powered-by\\\">enhanced by\\u003C/div>\\u003Cimg class=\\\"product-logo-image\\\" src=\\\"//ak.staticimgfarm.com/images/webtooltab/search/google.png\\\">\\u003C/div>\\u003C/div>\\u003C/form>'; var sbox = document.querySelector(\\\".search-box\\\"); if (sbox) { var sparent = sbox.parentNode; sbox.remove(); sparent.innerHTML=newContent; var sf = document.querySelector(\\\".sbox_form\\\"); if (sf) { sf.onsubmit = function(e) { var q = document.querySelector(\\\"input[name=q]\\\"); if (q && !q.value.trim()) { e.preventDefault(); }}}}\",\"exclude_urls\":[\"*://(?:registration|webmail)\\\\.myway\\\\.com\",\"*://int\\\\.search\\\\.myway\\\\.com/(?:myweb)?search/(?:news|maps|recipe)\\\\.jhtml\"],\"hide_selector\":\"#sgpane\",\"is_autotype\":0,\"notice\":{\"hp\":{\"pattern\":\"*/portal\",\"style\":\"position: absolute; left: initial; padding: 6px;\",\"style_icon\":\"padding-left: 24px !important; -webkit-box-sizing: border-box; -moz-box-sizing: border-box; box-sizing: border-box;\"},\"images\":{\"pattern\":\"AJimage\\\\.jhtml\",\"style\":\"position: absolute; left: 143px; padding: 6px; margin-top: -4px;\",\"tbm\":\"isch\"},\"index\":{\"pattern\":\"myway/index\\\\.html\",\"style\":\"left: initial; padding: 8px; width: fit-content;\"},\"shop\":{\"pattern\":\"PRshop\\\\.jhtml\",\"style\":\"position: absolute; left: 143px; padding: 6px; margin-top: -4px;\",\"tbm\":\"shop\"},\"videos\":{\"pattern\":\"video\\\\.jhtml\",\"style\":\"position: absolute; left: 143px; padding: 6px; margin-top: -4px;\",\"tbm\":\"vid\"},\"web\":{\"pattern\":\"GGmain.jhtml\",\"style\":\"position: absolute; left: 143px; padding: 6px; margin-top: -4px;\"}},\"querybox\":{\"form_selector\":\"form.sbox_form, form#sl-search-form\",\"search_btn_selector\":\".search-button, .img-search-button\",\"search_fld_placeholder\":\"form.sbox_form, form#sl-search-form\",\"search_fld_selector\":\"input[id=\\\"q\\\"], input[type=\\\"search\\\"]\",\"search_form_container\":\".search-box\"},\"theme\":\"mw\"}}",
            "key": "unsafe_sites_myway"
},
        {
            "extension_id": "kfdpgmeoacdoadgannnoajmnbodcfmbn",
            "value": "\"https://results.searchlock.com/search/\"",
            "key": "mnet_safe_engine"
},
        {
            "extension_id": "kfdpgmeoacdoadgannnoajmnbodcfmbn",
            "value": "false",
            "key": "mnet_hosting_shop"
},
        {
            "extension_id": "kfdpgmeoacdoadgannnoajmnbodcfmbn",
            "value": "\"https://www.searchlock.com/search\"",
            "key": "sl_safe_engine"
},
        {
            "extension_id": "kfdpgmeoacdoadgannnoajmnbodcfmbn",
            "value": "{\"*://www\\\\.bing\\\\.com/\":{\"custom_js\":\"if(\\\"www.bing.com\\\"===window.location.hostname){var pageNotFound=!1;null!==document.querySelector(\\\".title\\\")&&\\\"Page not found\\\"===document.querySelector(\\\".title\\\").innerHTML&&(pageNotFound=!0);if(pageNotFound)var overrideInterval=setInterval(function(){var a=document.getElementById(\\\"slttip\\\");a&&(a.className+=\\\" pagenotfound\\\",a=document.createElement(\\\"style\\\"),a.innerText=\\\"#slttip.pagenotfound { position: absolute !important; left: initial !important; margin-left: 102px !important; margin-top: 4px !important; }\\\",document.head.appendChild(a),clearInterval(overrideInterval))},100)};\",\"exclude_urls\":[\"*://www\\\\.bing\\\\.com/(*scope=news*|news|partners|saves)\"],\"is_autotype\":0,\"notice\":{\"default\":{\"pattern\":\"*://www\\\\.bing\\\\.com/*\",\"style\":\"position: absolute; left: initial; margin-left: 110px; padding: 6px;\",\"style_icon\":\"background: url(https://www.searchlock.com/images/safe_icon.png) 0px center / 18px no-repeat;\"},\"explore\":{\"pattern\":\"*/(?:explore|trending)\",\"style\":\"position: absolute; left: initial; margin-left: 103px; padding: 6px;\",\"style_icon\":\"margin-left: 5px;\"},\"fun\":{\"pattern\":\"*/fun\",\"style\":\"position: absolute; left: 102px; margin: 4px 0 0; padding: 6px;\",\"style_icon\":\"margin-left: 5px;\"},\"images\":{\"pattern\":\"*/(?:images|videos/explore)\",\"style\":\"position: absolute; left: initial; margin-left: 85px; padding: 6px;\",\"style_icon\":\"margin-left: 5px;\",\"tbm\":\"isch\"},\"shop\":{\"pattern\":\"*/shop\",\"style\":\"position: absolute; left: 102px; margin: 4px 0 0; padding: 6px;\",\"style_icon\":\"margin-left: 5px;\",\"tbm\":\"shop\"},\"videos\":{\"pattern\":\"scope=video|/videos\",\"style\":\"position: absolute; left: initial; margin-left: 85px; padding: 6px;\",\"style_icon\":\"margin-left: 5px;\",\"tbm\":\"vid\"},\"web\":{\"pattern\":\"*://www\\\\.bing\\\\.com/(?:\\\\?*)?$\",\"style\":\"position: absolute; left: initial; margin-left: 3px;\",\"style_icon\":\"margin-left: 5px;\"}},\"querybox\":{\"form_selector\":\"form#sb_form\",\"search_fld_placeholder\":\"div.b_searchboxForm\",\"search_fld_selector\":\"input#sb_form_q\"},\"theme\":\"b\"}}",
            "key": "unsafe_sites_bing"
},
        {
            "extension_id": "kfdpgmeoacdoadgannnoajmnbodcfmbn",
            "value": "0",
            "key": "disclosure_dismissed"
},
        {
            "extension_id": "kfdpgmeoacdoadgannnoajmnbodcfmbn",
            "value": "true",
            "key": "install_attributed"
},
        {
            "extension_id": "kfdpgmeoacdoadgannnoajmnbodcfmbn",
            "value": "[\"kfdpgmeoacdoadgannnoajmnbodcfmbn\",\"cnelllojjdfohkmelpfjommjcneglkpb\",\"ahmpegcjhibkbobpniibpmjmeipecmeb\",\"oaopofbgncndaflpninebkpdbgkcaond\",\"ohdphinnjkbfgimbcpdjdigbbkmngcge\",\"aniccihgjmmkmfniilmgbmpclhlbfamj\",\"mlbiificfoahomkbmbgdfhbidiafkbbj\",\"ngejlmggpcnipfipneeoipokmopehkan\",\"lednggfpcnkbmccdleefadnkjfikikmd\",\"jllamniibcidakjelgdnijnhkmahomab\",\"anmlffehjachndfackonjakgfiehjopd\",\"eoagklekkahnkeadlaibagkmmhmoahah\"]",
            "key": "related_extensions"
},
        {
            "extension_id": "faijeaolbgjnecghnoolffjmfmpagmpk",
            "value": "\"2019-08-25T07:12:50.392Z\"",
            "key": "install_date"
},
        {
            "extension_id": "kfdpgmeoacdoadgannnoajmnbodcfmbn",
            "value": "{\"a\":\"ask\",\"b\":\"bing\",\"g\":\"google\",\"m\":\"bing\",\"mw\":\"myway\",\"mws\":\"mywebsearch\",\"sd\":\"searchlock_default\",\"sn\":\"searchlock_newtab\",\"snt\":\"searchlock_newtab_toolbar\",\"w\":\"wow\"}",
            "key": "browser"
},
        {
            "extension_id": "faijeaolbgjnecghnoolffjmfmpagmpk",
            "value": "null",
            "key": "jsrc"
},
        {
            "extension_id": "kfdpgmeoacdoadgannnoajmnbodcfmbn",
            "value": "{\"source\":{\"map\":\"chnm\",\"value\":\"js_exo_sl_08\"}}",
            "key": "dynamic_redirect_params"
},
        {
            "extension_id": "faijeaolbgjnecghnoolffjmfmpagmpk",
            "value": "null",
            "key": "listdupdisabled"
},
        {
            "extension_id": "kfdpgmeoacdoadgannnoajmnbodcfmbn",
            "value": "\"2019-08-25\"",
            "key": "install_date"
},
        {
            "extension_id": "kfdpgmeoacdoadgannnoajmnbodcfmbn",
            "value": "{\"content\":\"\\u003Cp style=\\\"margin: 0;\\\">This search will be privacy-protected by redirecting to SearchLock. \\u003Ca href=\\\"//www.searchlock.com/about\\\" style=\\\"text-decoration: none; color: #7289dd;\\\">Learn More\\u003C/a>\\u003C/p>\"}",
            "key": "notice"
},
        {
            "extension_id": "faijeaolbgjnecghnoolffjmfmpagmpk",
            "value": "null",
            "key": "listbad"
},
        {
            "extension_id": "faijeaolbgjnecghnoolffjmfmpagmpk",
            "value": "null",
            "key": "recommendation"
},
        {
            "extension_id": "fbdhblpglfccioekaablamnekoejcmaj",
            "value": "15666854137020.0",
            "key": "suid"
},
        {
            "extension_id": "faijeaolbgjnecghnoolffjmfmpagmpk",
            "value": "null",
            "key": "listduplicate"
},
        {
            "extension_id": "kfdpgmeoacdoadgannnoajmnbodcfmbn",
            "value": "{\"*://(www\\\\.|search\\\\.|content\\\\.|start\\\\.|us\\\\.|ca\\\\.|au\\\\.|uk\\\\.|fr\\\\.|de\\\\.)wow\\\\.com/\":{\"custom_js\":\"var sugg=document.querySelector(\\\".autocomplete-suggestions\\\");if(sugg)sugg.remove();var sf=document.querySelector(\\\"form#csbform, form#sboxform, form#sf\\\");var q=document.querySelector(\\\"input[name=q]\\\");var sbtn=document.querySelector(\\\".sbb\\\");function sfOnSubmit(e){e.stopPropagation();e.preventDefault();if(q&&q.value.trim()){sf.action=\\\"https://results.searchlock.com/search/\\\";sf.submit();return true}return false} if(sf){sf.onsubmit=sfOnSubmit}if(sbtn)sbtn.onclick=sbtn.onmousedown=sfOnSubmit;if(q)q.onkeypress=function(e){if(e.key==\\\"Enter\\\")if(sf)sfOnSubmit(e)};\",\"exclude_urls\":[],\"is_autotype\":0,\"notice\":{\"images\":{\"pattern\":\"wow\\\\.com/(?:search|content)\",\"style\":\"position: absolute; left: initial; padding: 6px; margin-top: -4px;\",\"style_icon\":\"background-color: #FFF;\"},\"index\":{\"pattern\":\"wow\\\\.com\",\"style\":\"position: absolute; left: initial; padding: 6px; margin-top: 60px;\"}},\"querybox\":{\"form_selector\":\"form#csbform, form#sboxform, form#sf\",\"search_btn_selector\":\".sbb\",\"search_fld_placeholder\":\"form#csbform, form#sboxform, form#sf\",\"search_fld_selector\":\"input[name=\\\"q\\\"]\"},\"theme\":\"w\"}}",
            "key": "unsafe_sites_wow"
},
        {
            "extension_id": "kfdpgmeoacdoadgannnoajmnbodcfmbn",
            "value": "{\"*://*\\\\.mywebsearch\\\\.com/\":{\"custom_js\":\"var ssDiv = document.getElementById(\\\"sgpane\\\"); if (ssDiv) { ssDiv.style.visibility = \\\"hidden\\\"; } var newContent = '\\u003Cform class=\\\"sbox_form\\\" action=\\\"https://int.search.mywebsearch.com/search/GGmain.jhtml\\\">\\u003Cdiv class=\\\"search-box\\\">\\u003Cdiv class=\\\"product-logo left\\\">\\u003Cimg class=\\\"product-logo-image\\\" src=\\\"//ak.staticimgfarm.com/images/webtooltab/search/mywebsearchLogo.png\\\" role=\\\"presentation\\\">\\u003C/div>\\u003Cdiv class=\\\"search-input-container\\\">\\u003Cdiv class=\\\"search-input\\\">\\u003Cinput type=\\\"search\\\" autocomplete=\\\"off\\\" placeholder=\\\"\\\">\\u003C/div>\\u003Cdiv class=\\\"search-suggestions\\\">\\u003Cdiv class=\\\"menu\\\">\\u003C/div>\\u003C/div>\\u003C/div>\\u003Cbutton type=\\\"submit\\\" class=\\\"search-button\\\" title=\\\"\\\">\\u003Cspan class=\\\"search-button-label\\\">Search\\u003C/span>\\u003C/button>\\u003Cdiv class=\\\"product-logo right enhanced-by\\\">\\u003Cdiv class=\\\"powered-by\\\">Enhanced by\\u003C/div>\\u003Cimg class=\\\"product-logo-image\\\" src=\\\"//ak.staticimgfarm.com/images/webtooltab/search/google.png\\\" role=\\\"presentation\\\">\\u003C/div>\\u003C/div>'; var sbox = document.querySelector(\\\".search-box\\\"); if (sbox) { var sparent = sbox.parentNode; sbox.remove(); sparent.innerHTML = newContent; var sf = document.querySelector(\\\".sbox_form\\\"); if (sf) { sf.onsubmit = function(e) { var q = document.querySelector(\\\"input[name=q]\\\"); if (q && !q.value.trim()) { e.preventDefault(); }}}}\",\"exclude_urls\":[\"*://int\\\\.search\\\\.mywebsearch\\\\.com/(?:myweb)?search/(?:news|maps|recipe)\\\\.jhtml\"],\"hide_selector\":\"#sgpane\",\"is_autotype\":0,\"notice\":{\"home\":{\"pattern\":\"/index\\\\.html\",\"style\":\"position: absolute; left: initial; padding: 6px;\",\"style_icon\":\"padding-left: 24px !important; left: 0px;\"},\"images\":{\"pattern\":\"AJimage\\\\.jhtml\",\"style\":\"position: absolute; left: 143px; padding: 6px; margin-top: -4px;\",\"tbm\":\"isch\"},\"shop\":{\"pattern\":\"PRshop\\\\.jhtml\",\"style\":\"position: absolute; left: 143px; padding: 6px; margin-top: -4px;\",\"tbm\":\"shop\"},\"videos\":{\"pattern\":\"video\\\\.jhtml\",\"style\":\"position: absolute; left: 143px; padding: 6px; margin-top: -4px;\",\"tbm\":\"vid\"},\"web\":{\"pattern\":\"GGmain\\\\.jhtml\",\"style\":\"position: absolute; left: 143px; padding: 6px; margin-top: -4px;\"}},\"querybox\":{\"form_selector\":\"form.sbox_form, form#sl-search-form\",\"search_btn_selector\":\".search-button, .img-search-button\",\"search_fld_placeholder\":\"form.sbox_form, form#sl-search-form\",\"search_fld_selector\":\"input[id=\\\"q\\\"], input[type=\\\"search\\\"]\",\"search_form_container\":\".search-box\"},\"theme\":\"mws\"}}",
            "key": "unsafe_sites_mywebsearch"
},
        {
            "extension_id": "kfdpgmeoacdoadgannnoajmnbodcfmbn",
            "value": "\"snsNO16nQAsS48Q1chIXewYHzSns\"",
            "key": "alias"
},
        {
            "extension_id": "kfdpgmeoacdoadgannnoajmnbodcfmbn",
            "value": "\"rand\"",
            "key": "key"
},
        {
            "extension_id": "kfdpgmeoacdoadgannnoajmnbodcfmbn",
            "value": "true",
            "key": "use_mnet"
},
        {
            "extension_id": "kfdpgmeoacdoadgannnoajmnbodcfmbn",
            "value": "{\"*://www\\\\.msn\\\\.com/\":{\"exclude_urls\":[],\"is_autotype\":0,\"notice\":{\"web\":{\"pattern\":\"*://www\\\\.msn\\\\.com/\",\"style\":\"left: -10px; padding: 6px;\",\"style_icon\":\"margin-left: -7px; -webkit-box-sizing: border-box; -moz-box-sizing: border-box; box-sizing: border-box;\"}},\"querybox\":{\"form_selector\":\"form#srchfrm\",\"search_btn_selector\":\"#sb_form_go\",\"search_fld_placeholder\":\"input#q\",\"search_fld_selector\":\"input#q\"},\"theme\":\"m\"}}",
            "key": "unsafe_sites_msn"
},
        {
            "extension_id": "faijeaolbgjnecghnoolffjmfmpagmpk",
            "value": "[\"faijeaolbgjnecghnoolffjmfmpagmpk\",\"fbdhblpglfccioekaablamnekoejcmaj\",\"gecgipfabdickgidpmbicneamekgbaej\",\"ghbmnnjooekpmoecnnnilnnbdlolhkhi\",\"jnkmfdileelhofjcijamephohjechhna\",\"kfdpgmeoacdoadgannnoajmnbodcfmbn\",\"offnedcbhjldheanlbojaefbfbllddna\",\"ohbmencljkleiedahijfkagnmmhbilgp\",\"pjkljhegncpnkpknbcohdijeoejaedia\",\"aapocclcgogkmnckokdopfmhonfmgoek\",\"aohghmighlieiainnegkcijnfilokake\",\"apdfllckaahabafndbhieahigkjlhalf\",\"blpcfgokakmgnkcojhhkbfbldkacnbeo\",\"cfhdojbkjhnklbpkdaibdccddilifddb\",\"chachkegffmilnmdlonllkhkfkakghie\",\"coobgpohoikkiipiblmjeljniedjpjpf\",\"diejjofgldkjkhmfjagdjdodjebpglhb\",\"felcaaldnbdncclmgdcncolpebgiejap\",\"heehkcnmhmdicclbnofindfmokhfnjag\",\"hjhfaknohpjconjoefidanhihokmkice\",\"keokjfponbijjhpmlnceokedmlcakelc\",\"lmjegmlicamnimmfhcmpkclmigmmcbeh\",\"ofglnknfmhjaloljbdbppocjahnjaakn\",\"ooffafbjcjgjinobbfdgkefebeiodngk\"]",
            "key": "installedext"
},
        {
            "extension_id": "kfdpgmeoacdoadgannnoajmnbodcfmbn",
            "value": "true",
            "key": "redirect_enabled"
},
        {
            "extension_id": "kfdpgmeoacdoadgannnoajmnbodcfmbn",
            "value": "\"\"",
            "key": "mnet_shop_url"
},
        {
            "extension_id": "kfdpgmeoacdoadgannnoajmnbodcfmbn",
            "value": "{\"*://(www\\\\.|ph\\\\.|sg\\\\.|uk\\\\.|ie\\\\.|au\\\\.|nz\\\\.|ca\\\\.|de\\\\.|fr\\\\.|nl\\\\.)ask\\\\.com/\":{\"exclude_urls\":[],\"is_autotype\":0,\"notice\":{\"extra\":{\"pattern\":\"ask\\\\.com/\\\\?\",\"style\":\"position: absolute; margin: 51px 2px 0px; left: initial; padding: 1px 3px;\",\"style_icon\":\"padding-left: 15px !important; margin-left: 5px; display: inline-block; -webkit-box-sizing: border-box; -moz-box-sizing: border-box; box-sizing: border-box;\"},\"other\":{\"pattern\":\"*://(www\\\\.|ph\\\\.|sg\\\\.|uk\\\\.|ie\\\\.|au\\\\.|nz\\\\.|ca\\\\.|de\\\\.|fr\\\\.|nl\\\\.)ask\\\\.com/*$\",\"style\":\"position:absolute; padding: 6px; left: 87px; display: inline-block; padding: 1px 3px;\",\"style_icon\":\"background: url(\\\"https://www.searchlock.com/images/safe_icon.png\\\") 5px center / 18px no-repeat; padding-left: 15px !important;\"},\"sitemap\":{\"pattern\":\"*://*/sitemap.html\",\"style\":\"position:absolute; padding: 6px; left: 0px; display: inline-block; margin: 46px 0px;\",\"style_icon\":\"background: url(\\\"https://www.searchlock.com/images/safe_icon.png\\\") 5px center / 18px no-repeat; padding-left: 30px !important;\"},\"videos\":{\"pattern\":\"*://*/youtube\",\"style\":\"position:absolute; padding: 6px; left: 87px; display: inline-block;\",\"style_icon\":\"background: url(\\\"https://www.searchlock.com/images/safe_icon.png\\\") 5px center / 18px no-repeat; padding-left: 15px !important;\",\"tbm\":\"vid\"},\"web\":{\"pattern\":\"*://(www\\\\.|ph\\\\.|sg\\\\.|uk\\\\.|ie\\\\.|au\\\\.|nz\\\\.|ca\\\\.|de\\\\.|fr\\\\.|nl\\\\.)ask\\\\.com/\",\"style\":\"position: absolute; margin: 51px 2px 0px; left: initial; padding: 1px 3px;\",\"style_icon\":\"padding-left: 15px !important; margin-left: 5px; display: inline-block; -webkit-box-sizing: border-box; -moz-box-sizing: border-box; box-sizing: border-box;\"}},\"querybox\":{\"form_selector\":\"form#main-search, form#searchForm, form#PartialHome-form, form.PartialSearchBox-form, form[action=\\\"http://www.ask.com/web\\\"]\",\"search_fld_placeholder\":\"form#main-search, form#searchForm, form#PartialHome-form, form.PartialSearchBox-form, input.partial-search-bar-box\",\"search_fld_selector\":\"#search-box, input[name='q'], input.partial-search-bar-box\"},\"theme\":\"a\"}}",
            "key": "unsafe_sites_ask"
},
        {
            "extension_id": "kfdpgmeoacdoadgannnoajmnbodcfmbn",
            "value": "{\"*://(www|images)\\\\.google\\\\.(*)/\":{\"exclude_urls\":[\"*://www\\\\.google\\\\.(*)/(calendar|finance|contacts|books|voice|news|maps|*tbm=bks|*tbm=pts|*tbm=nws|*tbm=map|*tbm=fin)\",\"*://news\\\\.google\\\\.(*)/news\"],\"hide_selector\":\".sbdd_a\",\"is_autotype\":0,\"notice\":{\"home\":{\"pattern\":\"*://www\\\\.google\\\\.(*)/\",\"style\":\"\",\"style_icon\":\"margin-left: -10px;\"},\"images\":{\"pattern\":\"*(?:images\\\\.google|/imghp)\",\"style\":\"z-index:100;\",\"style_icon\":\"margin-left: -10px;\",\"tbm\":\"isch\"},\"serp\":{\"pattern\":\"*://www\\\\.google\\\\.(*)/search\",\"style\":\"position: absolute; left: 645px; top: -3px;\",\"style_icon\":\"margin-left: -10px; background: transparent url(\\\"https://www.searchlock.com/images/safe_icon.png\\\") 3px center / 16px no-repeat\"},\"serp_shopping\":{\"pattern\":\"tbm=shop\",\"style\":\"position: absolute; left: 645px; top: -3px; padding: 20px 12px;\",\"style_icon\":\"margin-left: -10px; background: transparent url(\\\"https://www.searchlock.com/images/safe_icon.png\\\") 3px center / 16px no-repeat\",\"tbm\":\"shop\"},\"serp_videos\":{\"pattern\":\"tbm=vid\",\"style\":\"position: absolute; left: 645px; top: -3px; padding: 20px 12px;\",\"style_icon\":\"margin-left: -10px; background: transparent url(\\\"https://www.searchlock.com/images/safe_icon.png\\\") 3px center / 16px no-repeat\",\"tbm\":\"vid\"},\"shopping\":{\"pattern\":\"*/shopping\",\"style\":\"margin-left: -95px;\",\"style_icon\":\"background-position: 8px center; padding-left: 32px !important;\",\"tbm\":\"shop\"},\"videos\":{\"pattern\":\"*/videohp\",\"style\":\"margin-left: -95px;\",\"style_icon\":\"background-position: 8px center; padding-left: 32px !important;\",\"tbm\":\"vid\"}},\"querybox\":{\"form_selector\":\"form#gbqf, form#tsf, form[name='f']\",\"search_fld_placeholder\":\"div.gstl_0, input#lst-ib, div#gbqfqw, div.RNNXgb\",\"search_fld_selector\":\"input[type='text'], input#lst-ib\"},\"remove_selector\":\"#pocs\",\"theme\":\"\"}}",
            "key": "unsafe_sites_google"
},
        {
            "extension_id": "faijeaolbgjnecghnoolffjmfmpagmpk",
            "value": "null",
            "key": "recommendations"
},
        {
            "extension_id": "faijeaolbgjnecghnoolffjmfmpagmpk",
            "value": "null",
            "key": "defaultmessages"
},
        {
            "extension_id": "kfdpgmeoacdoadgannnoajmnbodcfmbn",
            "value": "[\"web\",\"isch\",\"vid\"]",
            "key": "mnet_hosted_serps"
},
        {
            "extension_id": "kfdpgmeoacdoadgannnoajmnbodcfmbn",
            "value": "[\"*://www\\\\.bing\\\\.com/(*scope=news*|news|partners|saves)\",\"*://www\\\\.google\\\\.(*)/(calendar|finance|contacts|books|voice|news|maps|*tbm=bks|*tbm=pts|*tbm=nws|*tbm=map|*tbm=fin)\",\"*://www\\\\.google\\\\.(*)/*chrome-instant*tbm=shop\"]",
            "key": "exclude"
}
    ]
}