{
    "Search Engines": [
        {
            "suggestions_url": "",
            "favicon_url": "",
            "safe_for_autoreplace": true,
            "date_created": 13103067285000000,
            "url": "https://www.google.com/maps/search/{searchTerms}?hl=en&source=opensearch",
            "new_tab_url": "",
            "originating_url": "https://www.google.com/maps/preview/opensearch.xml?hl=en",
            "sync_guid": "D071DA89-20B1-4CEE-83D5-A07DE75F82CE",
            "short_name": "Google Maps",
            "keyword": "maps.google.com",
            "input_encodings": "",
            "prepopulate_id": 0,
            "last_modified": 13103067285000000
},
        {
            "suggestions_url": "",
            "favicon_url": "",
            "safe_for_autoreplace": true,
            "date_created": 13211190328341759,
            "url": "https://www.fuq.com/searching/?queryString={searchTerms}",
            "new_tab_url": "",
            "originating_url": "https://www.fuq.com/search-export/open-search.xml",
            "sync_guid": "74a8cd01-1ed0-4bb0-992d-33c310131794",
            "short_name": "Porn Videos @ Fuq.com",
            "keyword": "fuq.com",
            "input_encodings": "UTF-8",
            "prepopulate_id": 0,
            "last_modified": 13211190328341760
},
        {
            "suggestions_url": "",
            "favicon_url": "http://1.gravatar.com/blavatar/bdc1d3495ded0c01e73c997cef94ae38?s=16&d=http%3A%2F%2Fpostsecret.com%2Ffavicon.ico",
            "safe_for_autoreplace": true,
            "date_created": 13102244935000000,
            "url": "http://postsecret.com/?s={searchTerms}",
            "new_tab_url": "",
            "originating_url": "http://postsecret.com/osd.xml",
            "sync_guid": "9DA12565-429B-4DC2-AA6C-5C399BE9F5B4",
            "short_name": "PostSecret",
            "keyword": "postsecret.com",
            "input_encodings": "UTF-8",
            "prepopulate_id": 0,
            "last_modified": 13102244935000000
},
        {
            "suggestions_url": "https://duckduckgo.com/ac/?q={searchTerms}&type=list",
            "favicon_url": "https://duckduckgo.com/favicon.ico",
            "safe_for_autoreplace": true,
            "date_created": 0,
            "url": "https://duckduckgo.com/?q={searchTerms}",
            "new_tab_url": "https://duckduckgo.com/chrome_newtab",
            "originating_url": "",
            "sync_guid": "485bf7d3-0215-45af-87dc-538868000092",
            "short_name": "DuckDuckGo",
            "keyword": "duckduckgo.com",
            "input_encodings": "UTF-8",
            "prepopulate_id": 92,
            "last_modified": 0
},
        {
            "suggestions_url": "",
            "favicon_url": "",
            "safe_for_autoreplace": true,
            "date_created": 13102988304000000,
            "url": "https://twitter.com/search?q={searchTerms}",
            "new_tab_url": "",
            "originating_url": "https://twitter.com/opensearch.xml",
            "sync_guid": "E065E762-02EC-4EE8-B9B9-AE3E65FDC2A7",
            "short_name": "Twitter",
            "keyword": "twitter.com",
            "input_encodings": "UTF-8",
            "prepopulate_id": 0,
            "last_modified": 13102988304000000
},
        {
            "suggestions_url": "",
            "favicon_url": "https://a-v2.sndcdn.com/assets/images/sc-icons/favicon-2cadd14b.ico",
            "safe_for_autoreplace": true,
            "date_created": 13102813837000000,
            "url": "https://soundcloud.com/search?q={searchTerms}",
            "new_tab_url": "",
            "originating_url": "https://soundcloud.com/sc-opensearch.xml",
            "sync_guid": "CD3F2BDC-F0BD-4E44-AECB-DC824FC4802A",
            "short_name": "SoundCloud",
            "keyword": "soundcloud.com",
            "input_encodings": "",
            "prepopulate_id": 0,
            "last_modified": 13102813837000000
},
        {
            "suggestions_url": "{google:baseSuggestURL}search?{google:searchFieldtrialParameter}client={google:suggestClient}&gs_ri={google:suggestRid}&xssi=t&q={searchTerms}&{google:inputType}{google:cursorPosition}{google:currentPageUrl}{google:pageClassification}{google:searchVersion}{google:sessionToken}{google:prefetchQuery}sugkey={google:suggestAPIKeyParameter}",
            "image_url_post_params": "encoded_image={google:imageThumbnail},image_url={google:imageURL},sbisrc={google:imageSearchSource},original_width={google:imageOriginalWidth},original_height={google:imageOriginalHeight}",
            "favicon_url": "https://www.google.com/favicon.ico",
            "safe_for_autoreplace": true,
            "date_created": 0,
            "image_url": "{google:baseURL}searchbyimage/upload",
            "url": "{google:baseURL}search?q={searchTerms}&{google:RLZ}{google:originalQueryForSuggestion}{google:assistedQueryStats}{google:searchFieldtrialParameter}{google:iOSSearchLanguage}{google:searchClient}{google:sourceId}{google:contextualSearchVersion}ie={inputEncoding}",
            "new_tab_url": "",
            "originating_url": "",
            "sync_guid": "54a89a92-726d-4598-ae38-d183407a1069",
            "short_name": "Google",
            "keyword": "google.com",
            "input_encodings": "UTF-8",
            "alternate_urls": [
                        "{google:baseURL}#q={searchTerms}",
                        "{google:baseURL}search#q={searchTerms}",
                        "{google:baseURL}webhp#q={searchTerms}",
                        "{google:baseURL}s#q={searchTerms}",
                        "{google:baseURL}s?q={searchTerms}"
            ],
            "prepopulate_id": 1,
            "last_modified": 0
},
        {
            "suggestions_url": "http://ss.ask.com/query?q={searchTerms}&li=ff",
            "favicon_url": "https://sp.ask.com/sh/i/a16/favicon/favicon.ico",
            "safe_for_autoreplace": true,
            "date_created": 0,
            "url": "https://www.ask.com/web?q={searchTerms}",
            "new_tab_url": "",
            "originating_url": "",
            "sync_guid": "6d285227-56fe-4a6b-a485-804c9320f331",
            "short_name": "Ask",
            "keyword": "ask.com",
            "input_encodings": "UTF-8",
            "prepopulate_id": 4,
            "last_modified": 0
},
        {
            "suggestions_url": "",
            "favicon_url": "",
            "safe_for_autoreplace": true,
            "date_created": 13102574533000000,
            "url": "http://dnssearch2.rr.com/search.php?search={searchTerms}&src=navclient",
            "new_tab_url": "",
            "originating_url": "http://www.dnsrsearch.com/add_search.php",
            "sync_guid": "3C11F61C-B7F3-4AD7-9B6F-1B5D7829ADA5",
            "short_name": "Time Warner Cable",
            "keyword": "b.com",
            "input_encodings": "UTF-8",
            "prepopulate_id": 0,
            "last_modified": 13102574533000000
},
        {
            "suggestions_url": "https://www.facebook.com/search/opensearch/suggestions/?q={searchTerms}",
            "favicon_url": "https://www.facebook.com/favicon.ico",
            "safe_for_autoreplace": true,
            "date_created": 13102983242000000,
            "url": "https://www.facebook.com/search/top/?q={searchTerms}&opensearch=1",
            "new_tab_url": "",
            "originating_url": "https://www.facebook.com/osd.xml",
            "sync_guid": "E5322ABE-5EC5-4E07-AA0A-A1C9F70D5F32",
            "short_name": "Facebook",
            "keyword": "facebook.com",
            "input_encodings": "UTF-8",
            "prepopulate_id": 0,
            "last_modified": 13102983242000000
},
        {
            "suggestions_url": "https://www.bing.com/osjson.aspx?query={searchTerms}&language={language}&PC=U316",
            "image_url_post_params": "imageBin={google:imageThumbnailBase64}",
            "favicon_url": "https://www.bing.com/sa/simg/bing_p_rr_teal_min.ico",
            "safe_for_autoreplace": true,
            "date_created": 0,
            "image_url": "https://www.bing.com/images/detail/search?iss=sbiupload&FORM=CHROMI#enterInsights",
            "url": "https://www.bing.com/search?q={searchTerms}&PC=U316&FORM=CHROMN",
            "new_tab_url": "https://www.bing.com/chrome/newtab",
            "originating_url": "",
            "sync_guid": "fd6c5bab-a707-4d8c-8431-0842a061aefe",
            "short_name": "Bing",
            "keyword": "bing.com",
            "input_encodings": "UTF-8",
            "prepopulate_id": 3,
            "last_modified": 13210954042633329
},
        {
            "suggestions_url": "https://autosuggest.search.aol.com/autocomplete/get?output=json&it=&q={searchTerms}",
            "favicon_url": "https://search.aol.com/favicon.ico",
            "safe_for_autoreplace": true,
            "date_created": 0,
            "url": "https://search.aol.com/aol/search?q={searchTerms}",
            "new_tab_url": "",
            "originating_url": "",
            "sync_guid": "7897c6e8-02a4-452a-ab63-afd2bd99d23f",
            "short_name": "AOL",
            "keyword": "aol.com",
            "input_encodings": "UTF-8",
            "prepopulate_id": 35,
            "last_modified": 0
},
        {
            "suggestions_url": "https://search.yahoo.com/sugg/chrome?output=fxjson&appid=crmas&command={searchTerms}",
            "favicon_url": "https://search.yahoo.com/favicon.ico",
            "safe_for_autoreplace": true,
            "date_created": 0,
            "url": "https://search.yahoo.com/search{google:pathWildcard}?ei={inputEncoding}&fr=crmas&p={searchTerms}",
            "new_tab_url": "",
            "originating_url": "",
            "sync_guid": "62e83315-2db1-4fbb-8064-0099e500c013",
            "short_name": "Yahoo!",
            "keyword": "yahoo.com",
            "input_encodings": "UTF-8",
            "prepopulate_id": 2,
            "last_modified": 13210954042633333
}
    ]
}