{
    "Apps": [
        {"extension": {
            "remote_install": true,
            "disable_reasons": 2048,
            "update_url": "https://clients2.google.com/service/update2/crx",
            "name": "jndclpdbaamdhonoechobihbbiimdgai",
            "id": "jndclpdbaamdhonoechobihbbiimdgai",
            "version": "0",
            "enabled": false
}},
        {
            "app_launch_ordinal": "zzzzzs",
            "extension": {
                        "incognito_enabled": true,
                        "remote_install": false,
                        "disable_reasons": 0,
                        "installed_by_custodian": false,
                        "update_url": "",
                        "name": "Web Store",
                        "id": "ahfgeienlihckogmohjhadlkjgocpleb",
                        "version": "0.2",
                        "enabled": true
            },
            "page_ordinal": "t"
},
        {
            "app_launch_ordinal": "wn",
            "extension": {
                        "incognito_enabled": false,
                        "remote_install": false,
                        "disable_reasons": 1,
                        "installed_by_custodian": false,
                        "update_url": "https://clients2.google.com/service/update2/crx",
                        "name": "Useful Periodic Table (lite)",
                        "id": "chachkegffmilnmdlonllkhkfkakghie",
                        "version": "2.3.3",
                        "enabled": false
            },
            "page_ordinal": "n"
}
    ],
    "App Settings": [
        {"extension_setting": {
            "extension_id": "obklkkbkpaoaejdabbfldmcfplpdgolj",
            "value": "{\"appName\":\"\",\"layout\":\"CENTER_CROPPED\",\"source\":\"ONLINE\",\"url\":\"https://lh3.googleusercontent.com/proxy/q30c6kXurk-3zhmT7hJTwyQrVLlyCexsBQXtFXNbiYYf3nRwUabGMvhnQs6SeIXE9cDnj_SIS9YwQXJzDmnRC2n1yz1TbCo4YNeg0Y_lvWXg9BKKAuE=w3072\"}",
            "key": "wallpaper-sync-info-key"
}}
    ],
    "Preferences": [
        {
            "name": "session.startup_urls",
            "value": "[\"https://search.yahoo.com/?type=435371&fr=yo-yhp-ch\",\"http://www.google.com\",\"https://mmjmenu.com/dispensaries/8315-sugar-work-labs/customers\",\"https://weedmaps.com/dispensaries/sugar-work-labs\"]"
},
        {
            "name": "profile.content_settings.exceptions.images",
            "value": "{}"
},
        {
            "name": "media_router.firstrunflow.acknowledged",
            "value": "true"
},
        {
            "name": "autofill.profile_enabled",
            "value": "true"
},
        {
            "name": "translate_too_often_denied_for_language",
            "value": "{\"pt\":true}"
},
        {
            "name": "browser.clear_data.time_period",
            "value": "4"
},
        {
            "name": "translate_force_trigger_on_english_count_for_backoff_1",
            "value": "-1"
},
        {
            "name": "media_router.cloudservices.enabled",
            "value": "true"
},
        {
            "name": "session.restore_on_startup",
            "value": "1"
},
        {
            "name": "profile.default_content_setting_values.cookies",
            "value": "4"
},
        {
            "name": "profile.cookie_controls_mode",
            "value": "0"
},
        {
            "name": "dom_distiller.reader_for_accessibility",
            "value": "true"
},
        {
            "name": "translate_ignored_count_for_language",
            "value": "{\"de\":0,\"en\":0,\"es\":0,\"fr\":0,\"it\":0,\"iw\":0,\"ja\":0,\"mg\":2,\"mt\":0,\"pl\":0,\"pt\":0,\"ru\":0,\"sv\":0,\"tr\":0,\"zh-CN\":0}"
},
        {
            "name": "profile.name",
            "value": "\"Pickles\""
},
        {
            "name": "download.prompt_for_download_android",
            "value": "1"
},
        {
            "name": "profile.content_settings.exceptions.cookies",
            "value": "{}"
},
        {
            "name": "translate_recent_target",
            "value": "\"en\""
},
        {
            "name": "translate_blocked_languages",
            "value": "[\"en\"]"
},
        {
            "name": "dom_distiller.font_family",
            "value": "0"
},
        {
            "name": "browser.clear_data.passwords",
            "value": "true"
},
        {
            "name": "sync.demographics_birth_year_offset",
            "value": "0"
},
        {
            "name": "default_search_provider.synced_guid",
            "value": "\"03FF1B19-BC40-4563-9005-2341F9B72A24\""
},
        {
            "name": "payments.can_make_payment_enabled",
            "value": "false"
},
        {
            "name": "browser.clear_data.form_data",
            "value": "true"
},
        {
            "name": "profile.password_manager_leak_detection",
            "value": "true"
},
        {
            "name": "alternate_error_pages.enabled",
            "value": "true"
},
        {
            "name": "sharing.vapid_key",
            "value": "{\"vapid_creation_timestamp\":\"13213956024300665\",\"vapid_private_key\":\"MIGHAgEAMBMGByqGSM49AgEGCCqGSM49AwEHBG0wawIBAQQgDrKjiC/nrHfh5jCQ70P15pB7NdS/cTezQWF982nEuXmhRANCAARkeWT0a/0bvv2Pdqqgb7HCyKaabG4GMeMCTmXjtTS1w/kOjTuAciPC1FBXlAank/ZqJreHeaBxd/lI9el/S/4w\"}"
},
        {
            "name": "extensions.commands",
            "value": "{}"
},
        {
            "name": "browser.clear_data.cache",
            "value": "true"
},
        {
            "name": "homepage",
            "value": "\"https://search.yahoo.com/?type=435371&fr=yo-yhp-ch\""
},
        {
            "name": "translate_denied_count_for_language",
            "value": "{\"de\":0,\"en\":0,\"es\":0,\"fr\":0,\"it\":0,\"iw\":0,\"ja\":0,\"mt\":0,\"pl\":0,\"pt\":0,\"ru\":0,\"sv\":0,\"tr\":0,\"zh-CN\":0}"
},
        {
            "name": "profile.block_third_party_cookies",
            "value": "false"
},
        {
            "name": "profile.content_settings.exceptions.automatic_downloads",
            "value": "{}"
},
        {
            "name": "search.contextual_search_enabled",
            "value": "\"true\""
},
        {
            "name": "toolbar_icon_surfacing_bubble_acknowledged",
            "value": "true"
},
        {
            "name": "enable_do_not_track",
            "value": "true"
},
        {
            "name": "intl.accept_languages",
            "value": "\"en-US,en-CA,en\""
},
        {
            "name": "profile.content_settings.exceptions.flash_data",
            "value": "{}"
},
        {
            "name": "translate_allowlists",
            "value": "{\"de\":\"en\",\"en\":\"en\",\"es\":\"en\",\"mt\":\"en\",\"pt\":\"en\",\"ru\":\"en\"}"
},
        {
            "name": "autofill.credit_card_enabled",
            "value": "true"
},
        {
            "name": "translate_whitelists",
            "value": "{\"de\":\"en\",\"en\":\"en\",\"es\":\"en\",\"mt\":\"en\",\"pt\":\"en\",\"ru\":\"en\"}"
},
        {
            "name": "browser.clear_data.cookies",
            "value": "true"
},
        {
            "name": "media_router.cloudservices.prefset",
            "value": "true"
},
        {
            "name": "profile.content_settings.exceptions.popups",
            "value": "{\"https://securejoinsite.com:443,*\":{\"last_modified\":\"13187287617419725\",\"setting\":2},\"https://support.google.com:443,*\":{\"last_modified\":\"13187608554765356\",\"setting\":1}}"
},
        {
            "name": "translate_site_blacklist",
            "value": "[]"
},
        {
            "name": "search.suggest_enabled",
            "value": "false"
},
        {
            "name": "safebrowsing.enabled",
            "value": "true"
},
        {
            "name": "download.prompt_for_download",
            "value": "true"
},
        {
            "name": "ntp.app_page_names",
            "value": "[\"Apps\"]"
},
        {
            "name": "profile.avatar_index",
            "value": "18"
},
        {
            "name": "browser.clear_data.time_period_basic",
            "value": "4"
},
        {
            "name": "translate_site_blacklist_with_time",
            "value": "{}"
},
        {
            "name": "browser.clear_data.hosted_apps_data",
            "value": "false"
},
        {
            "name": "translate_accepted_count",
            "value": "{\"de\":3,\"en\":4,\"es\":1,\"fr\":2,\"it\":1,\"iw\":1,\"ja\":4,\"mt\":1,\"pl\":3,\"pt\":3,\"ru\":0,\"sv\":2,\"tr\":2,\"zh-CN\":4}"
},
        {
            "name": "intl.selected_languages",
            "value": "\"en-US,en-CA,en\""
},
        {
            "name": "profile.content_settings.exceptions.javascript",
            "value": "{}"
},
        {
            "name": "net.network_prediction_options",
            "value": "1"
},
        {
            "name": "bookmark_bar.show_on_all_tabs",
            "value": "false"
},
        {
            "name": "extensions.toolbar",
            "value": "[\"jnkmfdileelhofjcijamephohjechhna\",\"offnedcbhjldheanlbojaefbfbllddna\",\"ohbmencljkleiedahijfkagnmmhbilgp\",\"fbdhblpglfccioekaablamnekoejcmaj\",\"kfdpgmeoacdoadgannnoajmnbodcfmbn\",\"faijeaolbgjnecghnoolffjmfmpagmpk\",\"gecgipfabdickgidpmbicneamekgbaej\",\"cfhdojbkjhnklbpkdaibdccddilifddb\"]"
},
        {
            "name": "homepage_is_newtabpage",
            "value": "false"
},
        {
            "name": "extensions.ui.developer_mode",
            "value": "true"
},
        {
            "name": "translate_site_blocklist_with_time",
            "value": "{}"
},
        {
            "name": "sharing.synced_devices",
            "value": "{\"PZM9SyjKBGAKvsM4yfFfSw==\":{\"device_auth_secret\":\"JJYCuRqeFzCrTF6j7OpSYA==\",\"device_capabilities\":3,\"device_fcm_token\":\"evSntkjBgC4:APA91bG5rVM_BRk3CSwVBsy8LxzuW5wjiiVgGmCtEhHWDtMkcP_GClrz_Ck9m7UOipU6ZMnuR6XArMfNirKk3mUqW9ArV-0uq0YqeXXsRrl6KG_idWb3_Ag-PgfeRtzYSFZIXpRwcJRZ\",\"device_last_updated\":\"13219033448519129\",\"device_p256dh\":\"BPiFUxzS2hqmwjujGqUILRuDD7rH7oq0H8kXqGQFa5twuIhq0zwGoju87ov9LoNaAu6Sa/GFbKvchDvIE5qQMAY=\"},\"RImecvU3EoZxLOWKuIK/YA==\":{\"device_auth_secret\":\"JlrEvvd6tHKgu55LuRcmMQ==\",\"device_capabilities\":3,\"device_fcm_token\":\"cSuYIF8oUQU:APA91bH7cF5L1qtqoxg94kGF8OTRgFxthlX-Vyy5_GBnnI5PFr9nACftgZTfQiLDaySLzme58bgMhhTUb1fKy7hOTWOewwTAUs3p3fEr8GUefip8BA0Nztwb9muHxelWVKisc-X7o_8s\",\"device_p256dh\":\"BPi30GYxw606QpbX263hIczsTPZOZxH3gMvpg2/blvakAaOFJUjm/6lpUvp3GcR5QFWoDVLi/xUsVZL881LPDrg=\"},\"TGUya2jDKIgxtycX116JLQ==\":{\"device_auth_secret\":\"O2MVFmuBjAgpHbe9zrYE9Q==\",\"device_capabilities\":3,\"device_fcm_token\":\"cwrKS45VsiU:APA91bHNic9M3_yiFOj6_e3CEllrYrsy1KQu8flMpyy-Bvk1DRUaym1cW3g_kkFMbWp20z53LCVe3pfEYWiukdAuQMdFCyBa7HO5WRASuEIi22eRewrHWzyZaOuvcbFY8H3qgjHlCGf3\",\"device_p256dh\":\"BN6eA7f7rT6zi8kat/OiOF3LmHEjbhEtZHYOB9r1bsICRM2F85VkbajsfNAm4IH2/DxM92TGEn093j12iezPHNw=\"},\"YckKUqU0RUMFuhKpOp4McA==\":{\"device_auth_secret\":\"7dh+IYhj4alcT+jJN0pyDQ==\",\"device_capabilities\":3,\"device_fcm_token\":\"fpHjsHcK0b8:APA91bGO70oTo0SUGxoHRc9dsmsZHOlwnqxLTXN75TqMFcJiImr6CHkNQN3giWaAXZ5DQFTbFA8V4MnkhAWQU3kf9Fl2gxmKxT8TuOfMyRxz4KyFtvFVL8pxF2Hbbv3OPhJn28W9i1iY\",\"device_p256dh\":\"BLzPQoF2xVm5u/nWqyMdHdGcQHIj3TEtqiYi6U6TKy3YauPGPRbNaapYyTOVwr+rYxneZ/0NbcBC2XS5uqStW+E=\"},\"f4asoapEzVjD80lOCcnrZw==\":{\"device_auth_secret\":\"Z8f57aI3PgsoZIl7CQXAeg==\",\"device_capabilities\":3,\"device_fcm_token\":\"cgp9-yE6K68:APA91bG8PpUToH7joEgzYm-QpHZs10en6RftTE8VUuP1SCPd5qaIQMOhXJVuIQhGm5j3s3yUOQ3kfprq5JKsqAb82Tg61ylBbgTCjrZ9_iGzKK6z3L_SvS3O_odFqGvBql2KMr0xX753\",\"device_p256dh\":\"BD8Nk0lLAWMv/ub/AsCQ1BPu+Iv/WCKlNtUnKVGTPoZoR3f6kZou9eEfc7DtO6DPaH5YUKXMh6woig7z02pRIwU=\"},\"iM4y/+V3KuEq7X4sfrHpiQ==\":{\"device_auth_secret\":\"RdJ1O2xBLCjTubf2EpX22w==\",\"device_capabilities\":1,\"device_fcm_token\":\"emLs0XShViA:APA91bFS7hfod3L1wxIkpen8NhTfSeJGNKxg-T-IrFmpD4vg8_slpf3941JG2652UzvnzSyXbLKOLE7SBg4a0ZwnY9ojyBCJDO8Vm1NWA-lLjTfcmC4kV28D9NfJjqIDZnsArcZlKJgU\",\"device_last_updated\":\"13216398711027270\",\"device_p256dh\":\"BFxh1bv7EKnmuj7QPUr0vjYIjDlPrO9OfrBVYzeQJ9AyhEMIQpn8SRdvh4RoEUgJf9ZH5HSxVoqappJlXYhtsDg=\"},\"ifDq0eY1gqgAVKLINHdpWg==\":{\"device_auth_secret\":\"bPK1+rNU16AyHzOnW8p2/Q==\",\"device_capabilities\":3,\"device_fcm_token\":\"eq-fG7bz1Ps:APA91bFjU-_qhIKmKEBQDCbcCXL6Q9ye8jlOLdHOWQBFzjujqwcABr7japoeWjR8PwSRcZLVbEAychcQW2ajXOSM71wV_7sTv56calopHmZmC-mGtJN2wI-G27FdwdR4cRAiiy2x0oNP\",\"device_last_updated\":\"13218838829064669\",\"device_p256dh\":\"BELhnERRhqJ7059dvblgrEtCCccZckz0jTFbZL912yC3Vzu7YFvRpsUoue5E4VRvSIJ2trgk6ytHzPYlNZUPjGs=\"},\"jlZulluvIleKwf2Km03xHQ==\":{\"device_auth_secret\":\"V4YrzeA2jgxcAHztjzYs6A==\",\"device_capabilities\":3,\"device_fcm_token\":\"eq-fG7bz1Ps:APA91bGoz7TwBXIP0i8_MP2mLXjjOJ5pwPqUbfTJ2RrMqJqjhlgl-w8INvVZAmqd0XPiaS1Fk8UJ9CbfGAQ3I6E2auYxcQSAlADZklFXzvGKBQeouPX_VnfLLPRngBg_HGZLl0qCuHrc\",\"device_last_updated\":\"13218084085675514\",\"device_p256dh\":\"BG1eGycAEAFIMyNDryFeWrr7dikHsdgWX1BBgA62+zLbgBQrIJ6uII+Z0CEH7svV0msIYcLYLCC8h4hzfGiPRxU=\"},\"nCcPF+kAxctWRO23DXYawA==\":{\"device_auth_secret\":\"ZqSMy7oxtS1C+N6nN39Dog==\",\"device_capabilities\":3,\"device_fcm_token\":\"eyjeQX7URxk:APA91bHSLGUGrd0OpZfNBKP2ZhHSdDbthxS-d7biFD2pE5Vhhf-3Q7MCLKgN_Cw-VXgVzXiVywXQ4vltsVbaJPgPetBTb1jGE0bItiA43HNOlGYube2FUgEZlc5JRrcjJ883-uCOXXn7\",\"device_p256dh\":\"BHtqxuFCcVlLsmbeZOvEr/XCGHaN1P+Rr8SjvG7kQR8+pA4WxFNAq7gFvEn35E2DwXpANC6qT0lSlQa+RSaWAZk=\"},\"p+0ZWU+AwEN0QpdlPVaBlQ==\":{\"device_auth_secret\":\"CDSUNttQ6eRN8JBasmGJSw==\",\"device_capabilities\":3,\"device_fcm_token\":\"evSntkjBgC4:APA91bEZL0JsTOg8Wy4ANEBdHbK7QJ0jMax335sglIJQ8vCZaEqHN8XF0vTwEvL4Wkh9hZHbr61gIprhq9CQ-i5jEmTXSGeb5ilLj04gCB_47QcpQytJvnEo_KdyLDiRHkk6gDpUtHiw\",\"device_p256dh\":\"BBoedDpq5SVlgElG8TYQxlE1GVihSxFz6GcX1DTJx9wmavp+L+M0mIS+2a4AnET48nzyVPkQ7SLL0gxshCDbEZg=\"},\"xLbwkAzy5xC9NbgyVZlDZQ==\":{\"device_auth_secret\":\"tTJmTfzT8A6qhIf5uCHfPg==\",\"device_capabilities\":3,\"device_fcm_token\":\"f1TX4cyLKrw:APA91bEzfs1aO_-8ETYpsJtL8Xjo-7VJl_JY2nx4wLBmQBO37H3PRr2NpPdXzO2CZTm2UTaZ5rgZsJoT79xFFG1Kty7cyZ_Ky205ndxZOHDI561N5teHGLj2vOCvSacHDjctsaYDhsKZ\",\"device_p256dh\":\"BIWfrni+Itm3WSQ0zQBdfV11hdgS0D3Yi8ip3j9UxamTb38H4fI/ZahnafY6aijGzB1J+fcxIQhO3PuD+iNjMZ8=\"},\"xc6mfzxcu1tvq0lZjoPEcA==\":{\"device_auth_secret\":\"WoSwQINbccje44YXBCgnYg==\",\"device_capabilities\":3,\"device_fcm_token\":\"cICXXBVJK0c:APA91bHy7A4CSz5VsmHtfhE7M_xwnrds0P-zgUiy2MYbq4qz1F-DvusfxtBidgOCoQOYBj7b1PYtbRYURwT7oiwHJJ7wnYjzNYQ4SebrBd2fK30Zxqpau01y8Z3q9sV4upG2TJ8yZfNi\",\"device_p256dh\":\"BFebxP0LcIa4cvPlfXBXLqSYXOwuEL8xyisebD3BJe2wkd3thTftTMaz5mixruNVZ/HNlfJXJKerxjf4QDfKgl4=\"}}"
},
        {
            "name": "dom_distiller.theme",
            "value": "1"
},
        {
            "name": "translate_auto_always_count",
            "value": "{\"es\":1,\"pt\":1,\"ru\":2}"
},
        {
            "name": "autofill.last_version_disused_addresses_deleted",
            "value": "70"
},
        {
            "name": "browser.clear_data.site_settings",
            "value": "true"
}
    ],
    "Themes": [
        {
            "use_system_theme_by_default": false,
            "use_custom_theme": false
}
    ]
}